{"cameraMode":{"drawMode":0,"name":"Shaded","section":"Shading Mode"},"sceneLighting":true,"audioPlay":false,"sceneViewState":{"showFog":true,"showMaterialUpdate":false,"showSkybox":true,"showFlares":true,"showImageEffects":true,"showParticleSystems":true},"in2DMode":false,"pivot":{"x":1.4035714864730836,"y":0.6500363349914551,"z":-1.88346529006958},"rotation":{"x":-0.13806207478046418,"y":-0.8357935547828674,"z":0.47179973125457766,"w":-0.24460634589195252},"size":0.9856101870536804,"orthographic":false}