{"cameraMode":{"drawMode":0,"name":"Shaded","section":"Shading Mode"},"sceneLighting":true,"audioPlay":false,"sceneViewState":{"showFog":true,"showMaterialUpdate":false,"showSkybox":true,"showFlares":true,"showImageEffects":true,"showParticleSystems":true},"in2DMode":false,"pivot":{"x":-1.5512059926986695,"y":1.468556523323059,"z":3.597727060317993},"rotation":{"x":0.022030983120203019,"y":-0.9439484477043152,"z":-0.06438445299863816,"w":-0.3230136036872864},"size":0.3576205372810364,"orthographic":false}